Offering,Date
House of Cards,"February 1, 2013"
Hemlock Grove,"April 19, 2013"
Orange Is the New Black,"July 11, 2013"
Marco Polo,"December 12, 2014"
Bloodline,"March 20, 2015"
Sense8,"June 5, 2015"
Narcos,"August 28, 2015"
Stranger Things,"July 15, 2016"
The Get Down,"August 12, 2016"
The Crown,"November 4, 2016"
Gilmore Girls: A Year in the Life,"November 25, 2016"
The OA,"December 16, 2016"
A Series of Unfortunate Events,"January 13, 2017"
13 Reasons Why,"March 31, 2017"
Gypsy,"June 30, 2017"
Ozark,"July 21, 2017"
Mindhunter,"October 13, 2017"
Godless,"November 22, 2017"
Altered Carbon,"February 2, 2018"
Seven Seconds,"February 23, 2018"
Lost in Space,"April 13, 2018"
The Innocents,"August 24, 2018"
The Haunting,"October 12, 2018"
Chilling Adventures of Sabrina,"October 26, 2018"
Narcos: Mexico,"November 16, 2018"
Tidelands,"December 14, 2018"
The Umbrella Academy,"February 15, 2019"
The Order,"March 7, 2019"
Shadow,"March 8, 2019"
Black Summer,"April 11, 2019"
Chambers,"April 26, 2019"
The Society,"May 10, 2019"
What/If,"May 24, 2019"
When They See Us,"May 31, 2019"
Trinkets,"June 14, 2019"
Another Life,"July 25, 2019"
Wu Assassins,"August 8, 2019"
The Dark Crystal: Age of Resistance,"August 30, 2019"
The I-Land,"September 12, 2019"
Unbelievable,"September 13, 2019"
Criminal: UK,"September 20, 2019"
Raising Dion,"October 4, 2019"
Daredevil,"April 10, 2015"
Jessica Jones,"November 20, 2015"
Luke Cage,"September 30, 2016"
Iron Fist,"March 17, 2017"
The Defenders,"August 18, 2017"
The Punisher,"November 17, 2017"
Unbreakable Kimmy Schmidt,"March 6, 2015"
Grace and Frankie,"May 8, 2015"
Wet Hot American Summer: First Day of Camp,"July 31, 2015"
Master of None,"November 6, 2015"
W/ Bob & David,"November 13, 2015"
Love,"February 19, 2016"
Fuller House,"February 26, 2016"
Flaked,"March 11, 2016"
Netflix Presents: The Characters,"March 11, 2016"
The Ranch,"April 1, 2016"
Lady Dynamite,"May 20, 2016"
Easy,"September 22, 2016"
Haters Back Off,"October 14, 2016"
Trailer Park Boys Out of the Park: Europe,"October 28, 2016"
One Day at a Time,"January 6, 2017"
Santa Clarita Diet,"February 3, 2017"
Mystery Science Theater 3000: The Return,"April 14, 2017"
Girlboss,"April 21, 2017"
Dear White People,"April 28, 2017"
GLOW,"June 23, 2017"
Friends from College,"July 14, 2017"
Wet Hot American Summer: Ten Years Later,"August 4, 2017"
Atypical,"August 11, 2017"
Disjointed,"August 25, 2017"
American Vandal,"September 15, 2017"
She's Gotta Have It,"November 23, 2017"
Trailer Park Boys Out of the Park: USA,"November 24, 2017"
Everything Sucks!,"February 16, 2018"
On My Block,"March 16, 2018"
All About the Washingtons,"August 10, 2018"
Insatiable,"August 10, 2018"
The Good Cop,"September 21, 2018"
Maniac,"September 21, 2018"
The Kominsky Method,"November 16, 2018"
Sex Education,"January 11, 2019"
Russian Doll,"February 1, 2019"
After Life,"March 8, 2019"
Turn Up Charlie,"March 15, 2019"
Huge in France,"April 12, 2019"
Special,"April 12, 2019"
Lunatics,"April 19, 2019"
I Think You Should Leave with Tim Robinson,"April 23, 2019"
Bonding,"April 24, 2019"
Dead to Me,"May 3, 2019"
It's Bruno!,"May 17, 2019"
Mr. Iglesias,"June 21, 2019"
Family Reunion,"July 10, 2019"
The Politician,"September 27, 2019"
BoJack Horseman,"August 22, 2014"
F Is for Family,"December 18, 2015"
Big Mouth,"September 29, 2017"
Disenchantment,"August 17, 2018"
Paradise PD,"August 31, 2018"
Super Drags,"November 9, 2018"
"Love, Death & Robots","March 15, 2019"
Trailer Park Boys: The Animated Series,"March 31, 2019"
Tuca & Bertie,"May 3, 2019"
Castlevania,"July 7, 2017"
Neo Yokio,"September 22, 2017"
Devilman Crybaby,"January 5, 2018"
B: The Beginning,"March 2, 2018"
A.I.C.O. -Incarnation-,"March 9, 2018"
Sword Gai: The Animation,"March 23, 2018"
Lost Song,"March 31, 2018"
Aggretsuko,"April 20, 2018"
Baki,"June 25, 2018"
Hero Mask,"December 3, 2018"
Ultraman,"April 1, 2019"
Rilakkuma and Kaoru,"April 19, 2019"
7SEEDS,"June 28, 2019"
Knights of the Zodiac: Saint Seiya,"July 19, 2019"
Kengan Ashura,"July 31, 2019"
Cannon Busters,"August 15, 2019"
Seis Manos,"October 3, 2019"
Ever After High,"May 30, 2013"
Turbo Fast,"December 24, 2013"
VeggieTales in the House,"November 26, 2014"
All Hail King Julien,"December 19, 2014"
The Adventures of Puss in Boots,"January 16, 2015"
Dragons: Race to the Edge,"June 26, 2015"
Dinotrux,"August 14, 2015"
The Mr. Peabody & Sherman Show,"October 9, 2015"
Popples,"October 30, 2015"
Care Bears and Cousins,"November 6, 2015"
Dawn of the Croods,"December 24, 2015"
Lego Bionicle: The Journey to One,"March 4, 2016"
Lego Friends: The Power of Friendship,"March 4, 2016"
Kong: King of the Apes,"April 15, 2016"
Voltron: Legendary Defender,"June 10, 2016"
Justin Time GO!,"June 24, 2016"
Word Party,"July 8, 2016"
Home: Adventures with Tip & Oh,"July 29, 2016"
Ask the StoryBots,"August 12, 2016"
Kulipari: An Army of Frogs,"September 2, 2016"
Skylanders Academy,"October 28, 2016"
World of Winx,"November 4, 2016"
Luna Petunia,"December 9, 2016"
Trollhunters: Tales of Arcadia,"December 23, 2016"
Edgar Rice Burroughs' Tarzan and Jane,"January 6, 2017"
We're Lalaloopsy,"January 10, 2017"
VeggieTales in the City,"February 24, 2017"
Legend Quest,"February 24, 2017"
Buddy Thunderstruck,"March 10, 2017"
Spirit Riding Free,"May 5, 2017"
All Hail King Julien: Exiled,"May 12, 2017"
True and the Rainbow Kingdom,"August 11, 2017"
Lego Elves: Secrets of Elvendale,"September 1, 2017"
The Magic School Bus Rides Again,"September 29, 2017"
Super Monsters,"October 13, 2017"
Dinotrux Supercharged,"November 10, 2017"
Stretch Armstrong and the Flex Fighters,"November 17, 2017"
Trolls: The Beat Goes On!,"January 19, 2018"
Llama Llama,"January 26, 2018"
Luna Petunia: Return to Amazia,"February 2, 2018"
The Boss Baby: Back in Business,"April 6, 2018"
Spy Kids: Mission Critical,"April 20, 2018"
The Hollow,"June 8, 2018"
True: Magical Friends,"June 15, 2018"
True: Wonderful Wishes,"June 15, 2018"
Harvey Girls Forever!,"June 29, 2018"
The Epic Tales of Captain Underpants,"July 13, 2018"
Cupcake & Dino: General Services,"July 27, 2018"
The Dragon Prince,"September 14, 2018"
Hilda,"September 21, 2018"
Larva Island,"October 19, 2018"
She-Ra and the Princesses of Power,"November 13, 2018"
Kulipari: Dream Walker,"November 20, 2018"
Motown Magic,"November 20, 2018"
3Below: Tales of Arcadia,"December 21, 2018"
Pinky Malinky,"January 1, 2019"
Carmen Sandiego,"January 18, 2019"
YooHoo to the Rescue,"March 15, 2019"
Charlie's Colorforms City,"March 22, 2019"
Mighty Little Bheem,"April 12, 2019"
Super Monsters Monster Pets,"June 7, 2019"
Twelve Forever,"July 29, 2019"
Spirit Riding Free: Pony Tales,"August 9, 2019"
Archibald's Next Big Thing,"September 6, 2019"
The Last Kids on Earth,"September 17, 2019"
Dragons: Rescue Riders,"September 27, 2019"
Legend Quest: Masters of Myth,"October 5, 2019"
Richie Rich,"February 20, 2015"
Project Mc2,"August 7, 2015"
Julie's Greenroom,"March 17, 2017"
Free Rein,"June 22, 2017"
Greenhouse Academy,"September 8, 2017"
Alexa & Katie,"March 23, 2018"
The Who Was? Show,"May 11, 2018"
The Ponysitters Club,"August 10, 2018"
Best.Worst.Weekend.Ever.,"October 19, 2018"
Brainchild,"November 2, 2018"
Prince of Peoria,"November 16, 2018"
No Good Nick,"April 15, 2019"
Malibu Rescue: The Series,"June 3, 2019"
Team Kaylie,"September 23, 2019"
Club de Cuervos,"August 7, 2015"
Marseille,"May 5, 2016"
Estocolmo,"November 11, 2016"
3%,"November 25, 2016"
Ingobernable,"March 24, 2017"
Cable Girls,"April 28, 2017"
My Only Love Song,"June 9, 2017"
Suburra: Blood on Rome,"October 6, 2017"
Blazing Transfer Student,"November 10, 2017"
Dark,"December 1, 2017"
Edha,"March 16, 2018"
The Mechanism,"March 23, 2018"
The Rain,"May 4, 2018"
Club de Cuervos Presents: The Ballad of Hugo Sánchez,"June 17, 2018"
Sacred Games,"July 6, 2018"
Samantha!,"July 6, 2018"
Jimmy: The True Story of a True Idiot,"July 20, 2018"
Switched,"August 1, 2018"
The House of Flowers,"August 10, 2018"
Ghoul,"August 24, 2018"
YG Future Strategy Office,"October 5, 2018"
Élite,"October 5, 2018"
Wild District,"October 19, 2018"
1983,"November 30, 2018"
Baby,"November 30, 2018"
Dogs of Berlin,"December 7, 2018"
The Hook Up Plan,"December 7, 2018"
The Protector,"December 14, 2018"
Diablero,"December 21, 2018"
Selection Day,"December 28, 2018"
Kingdom,"January 25, 2019"
Always a Witch,"February 1, 2019"
Go! Live Your Way,"February 22, 2019"
Delhi Crime,"March 22, 2019"
Most Beautiful Thing,"March 22, 2019"
Crime Diaries: The Candidate,"March 22, 2019"
Osmosis,"March 29, 2019"
Quicksand,"April 5, 2019"
Persona,"April 11, 2019"
My First First Love,"April 18, 2019"
Crime Diaries: Night Out,"May 3, 2019"
High Seas,"May 24, 2019"
How to Sell Drugs Online (Fast),"May 31, 2019"
Jinn,"June 13, 2019"
Yankee,"June 14, 2019"
Leila,"June 14, 2019"
Family Business,"June 28, 2019"
The Chosen One,"June 28, 2019"
Typewriter,"July 19, 2019"
Dollar,"August 8, 2019"
The Naked Director,"August 8, 2019"
Sintonia,"August 9, 2019"
Green Frontier,"August 16, 2019"
Love Alarm,"August 22, 2019"
Marianne,"September 13, 2019"
Monarca,"September 13, 2019"
Criminal: France,"September 20, 2019"
Criminal: Germany,"September 20, 2019"
Criminal: Spain,"September 20, 2019"
Bard of Blood,"September 27, 2019"
Skylines,"September 27, 2019"
Chef's Table,"April 26, 2015"
Making a Murderer,"December 18, 2015"
Chelsea Does,"January 23, 2016"
Cooked,"February 19, 2016"
Last Chance U,"July 29, 2016"
Fearless,"August 19, 2016"
Chef's Table: France,"September 2, 2016"
Roman Empire,"November 11, 2016"
Captive,"December 9, 2016"
Abstract: The Art of Design,"February 10, 2017"
QB1: Beyond the Lights,"February 13, 2017"
13 Reasons Why: Beyond the Reasons,"March 31, 2017"
Five Came Back,"March 31, 2017"
Hot Girls Wanted: Turned On,"April 21, 2017"
The Keepers,"May 19, 2017"
Daughters of Destiny,"July 28, 2017"
Fire Chasers,"September 8, 2017"
The Confession Tapes,"September 8, 2017"
Jack Whitehall: Travels with My Father,"September 22, 2017"
The Day I Met El Chapo,"October 20, 2017"
Shot in the Dark,"November 17, 2017"
Wormwood,"December 15, 2017"
72 Dangerous Animals: Latin America,"December 22, 2017"
Dope,"December 22, 2017"
The Toys That Made Us,"December 22, 2017"
Rotten,"January 5, 2018"
Somebody Feed Phil,"January 12, 2018"
Drug Lords,"January 19, 2018"
Dirty Money,"January 26, 2018"
Coach Snoop,"February 2, 2018"
First Team: Juventus,"February 16, 2018"
Ugly Delicious,"February 23, 2018"
Flint Town,"March 2, 2018"
Girls Incarcerated,"March 2, 2018"
Wild Wild Country,"March 16, 2018"
Rapture,"March 30, 2018"
Bobby Kennedy for President,"April 27, 2018"
Evil Genius: The True Story of America's Most Diabolical Bank Heist,"May 11, 2018"
Explained,"May 23, 2018"
November 13: Attack on Paris,"June 1, 2018"
Dark Tourist,"July 20, 2018"
Marching Orders,"August 3, 2018"
72 Dangerous Animals: Asia,"August 10, 2018"
Afflicted,"August 10, 2018"
Follow This,"August 23, 2018"
First and Last,"September 7, 2018"
Boca Juniors Confidential,"September 14, 2018"
"Salt, Fat, Acid, Heat","October 11, 2018"
FightWorld,"October 12, 2018"
Terrorism Close Calls,"October 26, 2018"
Medal of Honor,"November 9, 2018"
Dogs,"November 16, 2018"
Vai Anitta,"November 16, 2018"
Inside the Real Narcos,"December 14, 2018"
Sunderland 'Til I Die,"December 14, 2018"
The Innocent Man,"December 14, 2018"
7 Days Out,"December 21, 2018"
Murder Mountain,"December 28, 2018"
Trigger Warning with Killer Mike,"January 18, 2019"
Conversations with a Killer: The Ted Bundy Tapes,"January 24, 2019"
Examination of Conscience,"January 25, 2019"
Larry Charles' Dangerous World of Comedy,"February 15, 2019"
Losers,"March 1, 2019"
Cricket Fever: Mumbai Indians,"March 1, 2019"
Formula 1: Drive to Survive,"March 8, 2019"
The Disappearance of Madeleine McCann,"March 15, 2019"
Our Planet,"April 5, 2019"
Street Food,"April 26, 2019"
1994,"May 17, 2019"
Killer Ratings,"May 31, 2019"
The Chef Show,"June 7, 2019"
The Alcàsser Murders,"June 14, 2019"
Exhibit A,"June 28, 2019"
The Last Czars,"July 3, 2019"
Taco Chronicles,"July 12, 2019"
The Family,"August 9, 2019"
Happy Jail,"August 14, 2019"
Diagnosis,"August 16, 2019"
"The Mind, Explained","September 12, 2019"
Inside Bill's Brain: Decoding Bill Gates,"September 20, 2019"
Living Undocumented,"October 2, 2019"
White Rabbit Project,"December 9, 2016"
Chasing Cameron,"December 27, 2016"
Ultimate Beastmaster,"February 24, 2017"
Queer Eye,"February 7, 2018"
Nailed It!,"March 9, 2018"
Fastest Car,"April 6, 2018"
Cooking on High,"June 22, 2018"
Sugar Rush,"July 13, 2018"
Amazing Interiors,"July 20, 2018"
Magic for Humans,"August 17, 2018"
Stay Here,"August 17, 2018"
Car Masters: Rust to Riches,"September 14, 2018"
Battlefish,"September 21, 2018"
Made in Mexico,"September 28, 2018"
Dancing Queen,"October 5, 2018"
The Curious Creations of Christine McConnell,"October 12, 2018"
Haunted,"October 19, 2018"
Westside,"November 9, 2018"
The Final Table,"November 20, 2018"
Death by Magic,"November 30, 2018"
Nailed It! Holiday,"December 7, 2018"
Tidying Up with Marie Kondo,"January 1, 2019"
¡Nailed it! México,"February 8, 2019"
Dating Around,"February 14, 2019"
Selling Sunset,"March 22, 2019"
You vs. Wild,"April 10, 2019"
Flinch,"May 3, 2019"
Jailbirds,"May 10, 2019"
Awake: The Million Dollar Game,"June 14, 2019"
Extreme Engagement,"July 12, 2019"
Basketball or Nothing,"August 2, 2019"
Hyperdrive,"August 21, 2019"
Styling Hollywood,"August 30, 2019"
Chelsea,"May 11, 2016"
Bill Nye Saves the World,"April 21, 2017"
Beyond Stranger Things,"October 27, 2017"
My Next Guest Needs No Introduction with David Letterman,"January 12, 2018"
The Joel McHale Show with Joel McHale,"February 18, 2018"
A Little Help with Carol Burnett,"May 4, 2018"
Busted!,"May 4, 2018"
The Break with Michelle Wolf,"May 27, 2018"
Norm Macdonald Has a Show,"September 14, 2018"
Patriot Act with Hasan Minhaj,"October 28, 2018"
The Fix,"December 14, 2018"
Lilyhammer,"February 6, 2012"
Between,"May 21, 2015"
H2O: Mermaid Adventures,"May 22, 2015"
Atelier,"December 1, 2015"
Degrassi: Next Class,"January 15, 2016"
Lost & Found Music Studios,"April 1, 2016"
Good Morning Call,"May 13, 2016"
Hibana: Spark,"June 2, 2016"
Beat Bugs,"August 3, 2016"
The Cuba Libre Story,"December 8, 2016"
Bottersnikes and Gumbles,"August 19, 2016"
Kazoops!,"September 2, 2016"
Four Seasons in Havana,"September 12, 2016"
Paranoid,"November 17, 2016"
Dirk Gently's Holistic Detective Agency,"December 11, 2016"
Crazyhead,"December 16, 2016"
Travelers,"December 23, 2016"
Frontier,"January 20, 2017"
Samurai Gourmet,"March 17, 2017"
Anne with an E,"May 12, 2017"
El Chapo,"June 16, 2017"
Kantaro: The Sweet Tooth Salaryman,"July 7, 2017"
The Worst Witch,"July 21, 2017"
Million Yen Women,"August 15, 2017"
Alias Grace,"November 3, 2017"
Erased,"December 15, 2017"
The End of the F***ing World,"January 5, 2018"
Mob Psycho 100,"January 12, 2018"
Damnation,"February 1, 2018"
Collateral,"March 9, 2018"
Requiem,"March 23, 2018"
Troy: Fall of a City,"April 6, 2018"
The Letdown,"April 21, 2018"
The New Legends of Monkey,"April 27, 2018"
Safe,"May 10, 2018"
Kiss Me First,"June 29, 2018"
I Am a Killer,"August 3, 2018"
Wanderlust,"October 19, 2018"
Robozuna,"October 25, 2018"
Pine Gap,"December 7, 2018"
Perfume,"December 21, 2018"
Watership Down,"December 23, 2018"
Black Earth Rising,"January 25, 2019"
Nightflyers,"February 1, 2019"
Northern Rescue,"March 1, 2019"
Traitors,"March 29, 2019"
Tijuana,"April 5, 2019"
Undercover,"May 3, 2019"
Designated Survivor: 60 Days,"July 1, 2019"
The Spy,"September 6, 2019"
Arrested Development,"May 26, 2013"
Star Wars: The Clone Wars,"March 7, 2014"
The Killing,"August 1, 2014"
Trailer Park Boys,"September 5, 2014"
Longmire,"September 10, 2015"
Midnight Diner,"October 21, 2016"
Black Mirror,"October 21, 2016"
Lovesick,"November 17, 2016"
The Last Kingdom,"May 5, 2017"
Real Rob,"September 29, 2017"
Glitch,"November 28, 2017"
The Staircase,"June 8, 2018"
Paquita Salas,"June 29, 2018"
Comedians in Cars Getting Coffee,"July 6, 2018"
Inside the World’s Toughest Prisons,"July 6, 2018"
MeatEater,"October 2, 2018"
Little Things,"October 5, 2018"
Hip-Hop Evolution,"October 19, 2018"
Travelers,"December 14, 2018"
Lucifer,"May 8, 2019"
Slasher,"May 23, 2019"
Designated Survivor,"June 7, 2019"
Armistead Maupin's Tales of the City,"June 7, 2019"
Money Heist,"July 19, 2019"
Top Boy,"September 13, 2019"
Beasts of No Nation,"October 16, 2015"
"Crouching Tiger, Hidden Dragon: Sword of Destiny","February 26, 2016"
The Fundamentals of Caring,"June 24, 2016"
Rebirth,"July 15, 2016"
Tallulah,"July 29, 2016"
XOXO,"August 26, 2016"
ARQ,"September 16, 2016"
The Siege of Jadotville,"October 7, 2016"
I Am the Pretty Thing That Lives in the House,"October 28, 2016"
7 años,"October 28, 2016"
Mercy,"November 22, 2016"
Spectral,"December 9, 2016"
Barry,"December 16, 2016"
Coin Heist,"January 6, 2017"
Clinical,"January 13, 2017"
iBoy,"January 27, 2017"
Imperial Dreams,"February 3, 2017"
I Don't Feel at Home in This World Anymore,"February 24, 2017"
Burning Sands,"March 10, 2017"
Deidra & Laney Rob a Train,"March 17, 2017"
The Most Hated Woman in America,"March 24, 2017"
The Discovery,"March 31, 2017"
Sand Castle,"April 21, 2017"
Tramps,"April 21, 2017"
Blame!,"May 20, 2017"
Shimmer Lake,"June 9, 2017"
Okja,"June 28, 2017"
To the Bone,"July 14, 2017"
Death Note,"August 25, 2017"
First They Killed My Father,"September 15, 2017"
Gerald's Game,"September 29, 2017"
Our Souls at Night,"September 29, 2017"
The Meyerowitz Stories (New and Selected),"October 13, 2017"
1922,"October 20, 2017"
Wheelman,"October 20, 2017"
The Killer,"November 10, 2017"
Christmas Inheritance,"December 15, 2017"
Bright,"December 22, 2017"
The Open House,"January 19, 2018"
The Cloverfield Paradox,"February 4, 2018"
Irreplaceable You,"February 16, 2018"
Mute,"February 23, 2018"
The Outsider,"March 9, 2018"
Paradox,"March 23, 2018"
Roxanne Roxanne,"March 23, 2018"
First Match,"March 30, 2018"
6 Balloons,"April 6, 2018"
Amateur,"April 6, 2018"
Come Sunday,"April 13, 2018"
Sometimes,"May 1, 2018"
Forgive Us Our Debts,"May 4, 2018"
Cargo,"May 18, 2018"
Lust Stories,"June 15, 2018"
Calibre,"June 29, 2018"
TAU,"June 29, 2018"
How It Ends,"July 13, 2018"
Extinction,"July 27, 2018"
The Most Assassinated Woman in the World,"September 7, 2018"
Next Gen,"September 7, 2018"
On My Skin,"September 12, 2018"
The Land of Steady Habits,"September 14, 2018"
The Angel,"September 14, 2018"
Hold the Dark,"September 28, 2018"
Private Life,"October 5, 2018"
22 July,"October 10, 2018"
Apostle,"October 12, 2018"
The Night Comes for Us,"October 19, 2018"
Been So Long,"October 26, 2018"
The Other Side of the Wind,"November 2, 2018"
Outlaw King,"November 9, 2018"
Cam,"November 16, 2018"
The Ballad of Buster Scruggs,"November 16, 2018"
Mowgli: Legend of the Jungle,"December 7, 2018"
Roma,"December 14, 2018"
Bird Box,"December 21, 2018"
IO,"January 18, 2019"
Soni,"January 18, 2019"
Polar,"January 25, 2019"
Velvet Buzzsaw,"February 1, 2019"
High Flying Bird,"February 8, 2019"
Firebrand,"February 22, 2019"
Paris Is Us,"February 22, 2019"
Paddleton,"February 22, 2019"
Walk. Ride. Rodeo.,"March 8, 2019"
Juanita,"March 8, 2019"
Triple Frontier,"March 13, 2019"
The Dirt,"March 22, 2019"
The Highwaymen,"March 29, 2019"
Who Would You Take to a Deserted Island?,"April 12, 2019"
Music Teacher,"April 19, 2019"
Good Sam,"May 16, 2019"
See You Yesterday,"May 17, 2019"
Rim of the World,"May 24, 2019"
The Perfection,"May 24, 2019"
Elisa & Marcela,"June 7, 2019"
Beats,"June 19, 2019"
Point Blank,"July 12, 2019"
Secret Obsession,"July 18, 2019"
The Red Sea Diving Resort,"July 31, 2019"
In the Shadow of the Moon,"September 27, 2019"
The Ridiculous 6,"December 11, 2015"
Pee-wee's Big Holiday,"March 18, 2016"
Special Correspondents,"April 29, 2016"
The Do-Over,"May 27, 2016"
Brahman Naman,"July 7, 2016"
Mascots,"October 13, 2016"
True Memoirs of an International Assassin,"November 11, 2016"
Take the 10,"January 20, 2017"
Girlfriend's Day,"February 14, 2017"
Win It All,"April 7, 2017"
Sandy Wexler,"April 14, 2017"
Small Crimes,"April 28, 2017"
Handsome: A Netflix Mystery Movie,"May 5, 2017"
War Machine,"May 26, 2017"
The Incredible Jessica James,"July 28, 2017"
Naked,"August 11, 2017"
Little Evil,"September 1, 2017"
#REALITYHIGH,"September 8, 2017"
Bomb Scared,"October 12, 2017"
The Babysitter,"October 13, 2017"
A Christmas Prince,"November 17, 2017"
El Camino Christmas,"December 8, 2017"
The Polka King,"January 12, 2018"
Step Sisters,"January 19, 2018"
Blockbuster,"January 24, 2018"
A Futile and Stupid Gesture,"January 26, 2018"
When We First Met,"February 9, 2018"
Love per Square Foot,"February 14, 2018"
Benji,"March 16, 2018"
"Game Over, Man!","March 23, 2018"
Happy Anniversary,"March 30, 2018"
I Am Not an Easy Man,"April 13, 2018"
Dude,"April 20, 2018"
Candy Jar,"April 27, 2018"
The Week Of,"April 27, 2018"
The Kissing Booth,"May 11, 2018"
Ibiza,"May 25, 2018"
Alex Strangelove,"June 8, 2018"
Set It Up,"June 15, 2018"
"To Each, Her Own","June 24, 2018"
The Legacy of a Whitetail Deer Hunter,"July 6, 2018"
Father of the Year,"July 20, 2018"
Brij Mohan Amar Rahe,"August 3, 2018"
Like Father,"August 3, 2018"
The Package,"August 10, 2018"
To All the Boys I've Loved Before,"August 17, 2018"
The After Party,"August 24, 2018"
Sierra Burgess Is a Loser,"September 7, 2018"
Nappily Ever After,"September 21, 2018"
The Holiday Calendar,"November 2, 2018"
The Princess Switch,"November 16, 2018"
The Christmas Chronicles,"November 22, 2018"
A Christmas Prince: The Royal Wedding,"November 30, 2018"
Rajma Chawal,"November 30, 2018"
5 Star Christmas,"December 7, 2018"
Lionheart,"January 4, 2019"
The Last Laugh,"January 11, 2019"
15 August,"March 29, 2019"
Unicorn Store,"April 5, 2019"
The Perfect Date,"April 12, 2019"
Someone Great,"April 19, 2019"
Despite Everything,"May 3, 2019"
The Last Summer,"May 3, 2019"
Wine Country,"May 10, 2019"
Always Be My Maybe,"May 31, 2019"
Chopsticks,"May 31, 2019"
Murder Mystery,"June 14, 2019"
Otherhood,"August 2, 2019"
Sextuplets,"August 16, 2019"
Falling Inn Love,"August 29, 2019"
Back to School,"August 30, 2019"
Tall Girl,"September 13, 2019"
Art of Conflict: The Murals of Northern Ireland,"October 12, 2012"
The Short Game,"December 12, 2013"
The Square,"January 17, 2014"
Mitt,"January 24, 2014"
The Battered Bastards of Baseball,"July 11, 2014"
Mission Blue,"August 15, 2014"
Print the Legend,"September 26, 2014"
E-Team,"October 24, 2014"
Virunga,"November 7, 2014"
My Own Man,"March 6, 2015"
The Other One: The Long Strange Trip of Bob Weir,"May 22, 2015"
Hot Girls Wanted,"May 29, 2015"
"What Happened, Miss Simone?","June 26, 2015"
Tig,"July 17, 2015"
Keith Richards: Under the Influence,"September 18, 2015"
Winter on Fire: Ukraine's Fight for Freedom,"October 9, 2015"
My Beautiful Broken Brain,"March 18, 2016"
Team Foxcatcher,"April 29, 2016"
Tony Robbins: I Am Not Your Guru,"July 15, 2016"
I'll Sleep When I'm Dead,"August 19, 2016"
Audrie & Daisy,"September 23, 2016"
Amanda Knox,"September 30, 2016"
13th,"October 7, 2016"
Sky Ladder: The Art of Cai Guo-Qiang,"October 14, 2016"
Into the Inferno,"October 28, 2016"
The Ivory Game,"November 4, 2016"
Casting JonBenet,"April 28, 2017"
The Mars Generation,"May 5, 2017"
Get Me Roger Stone,"May 12, 2017"
Laerte-se,"May 19, 2017"
Joshua: Teenager vs. Superpower,"May 26, 2017"
CounterPunch,"June 16, 2017"
Nobody Speak: Trials of the Free Press,"June 23, 2017"
Chasing Coral,"July 14, 2017"
Icarus,"August 4, 2017"
Strong Island,"September 15, 2017"
Gaga: Five Foot Two,"September 22, 2017"
The Death and Life of Marsha P. Johnson,"October 6, 2017"
Kingdom of Us,"October 13, 2017"
One of Us,"October 20, 2017"
Joan Didion: The Center Will Not Hold,"October 27, 2017"
"Jim & Andy: The Great Beyond – Featuring a Very Special, Contractually Obligated Mention of Tony Clifton","November 17, 2017"
Saving Capitalism,"November 21, 2017"
Cuba and the Cameraman,"November 24, 2017"
Voyeur,"December 1, 2017"
Seeing Allred,"February 9, 2018"
Take Your Pills,"March 16, 2018"
Mercury 13,"April 20, 2018"
The Rachel Divide,"April 27, 2018"
Recovery Boys,"June 29, 2018"
The Bleeding Edge,"July 27, 2018"
City of Joy,"September 7, 2018"
Reversing Roe,"September 13, 2018"
Quincy,"September 21, 2018"
Two Catalonias,"September 28, 2018"
Feminists: What Were They Thinking?,"October 12, 2018"
Shirkers,"October 26, 2018"
They'll Love Me When I'm Dead,"November 2, 2018"
The American Meme,"December 7, 2018"
Struggle: The Life and Lost Art of Szukalski,"December 21, 2018"
Fyre: The Greatest Party That Never Happened,"January 18, 2019"
Antoine Griezmann: The Making of a Legend,"March 21, 2019"
The Legend of Cocaine Island,"March 29, 2019"
Homecoming: A Film by Beyoncé,"April 17, 2019"
Brené Brown: The Call to Courage,"April 19, 2019"
Grass Is Greener,"April 20, 2019"
Knock Down the House,"May 1, 2019"
The Black Godfather,"June 7, 2019"
Rolling Thunder Revue: A Bob Dylan Story by Martin Scorsese,"June 12, 2019"
The Edge of Democracy,"June 19, 2019"
Parchis: The Documentary,"July 10, 2019"
The Great Hack,"July 24, 2019"
Our Planet - Behind the Scenes,"August 4, 2019"
Enter the Anime,"August 5, 2019"
American Factory,"August 21, 2019"
Travis Scott: Look Mom I Can Fly,"August 28, 2019"
The Crystal Calls Making the Dark Crystal: Age of Resistance,"August 31, 2019"
Evelyn,"September 10, 2019"
"Hello Privilege. It's Me, Chelsea","September 13, 2019"
Los Tigres del Norte at Folsom Prison,"September 15, 2019"